Resolution,SRAM (MB),FPS
384x512,4.5172119140625,1.5391308650366042
336x448,3.4625244140625,2.0001223274815487
300x400,2.8004150390625,2.45496824136472
264x352,2.2086181640625,3.149701187060958
228x304,1.6871337890625,4.128313729055116
192x256,1.1422119140625,6.005320714152739
156x208,1.0715484619140625,8.742009147988053
120x160,1.0471343994140625,14.547012398236829
96x128,1.0315093994140625,23.7377890587664
72x96,1.0227203369140625,39.795118810316964
